{
  "blogs": [
    {
      "id": 1,
      "title": "Your most unhappy customers are your greatest source of learning.",
      "sub_title": "Far far away, behind the word mountains, far from the countries Vokalia and Consonantia, there live the blind texts.",
      "thumbnail_pic": "https://preview.colorlib.com/theme/magdesign/images/ximg_2.jpg.pagespeed.ic.fbbBEgB1Q6.webp",
      "description": "Far far away, behind the word mountains, far from the countries Vokalia and Consonantia, there live the blind texts. Separated they live in Bookmarksgrove right at the coast of the Semantics, a large language ocean.<br />A small river named Duden flows by their place and supplies it with the necessary regelialia. It is a paradisematic country, in which roasted parts of sentences fly into your mouth.<br />Even the all-powerful Pointing has no control about the blind texts it is an almost unorthographic life One day however a small line of blind text by the name of Lorem Ipsum decided to leave for the far World of Grammar.",
      "author": {
        "name": "Masai School",
        "profile_pic": "https://images.unsplash.com/photo-1507003211169-0a1dd7228f2d?ixlib=rb-1.2.1&ixid=MnwxMjA3fDB8MHxzZWFyY2h8MTN8fHBlb3BsZXxlbnwwfHwwfHw%3D&auto=format&fit=crop&w=1400&q=60",
        "publish_date": "11/06/2022"
      }
    },
    {
      "id": 2,
      "title": "Your most unhappy customers are your greatest source of learning.",
      "sub_title": "Far far away, behind the word mountains, far from the countries Vokalia and Consonantia, there live the blind texts.",
      "thumbnail_pic": "https://images.unsplash.com/photo-1654896887944-691330f7dac7?ixlib=rb-1.2.1&ixid=MnwxMjA3fDB8MHxlZGl0b3JpYWwtZmVlZHw0fHx8ZW58MHx8fHw%3D&auto=format&fit=crop&w=1400&q=60",
      "description": "Far far away, behind the word mountains, far from the countries Vokalia and Consonantia, there live the blind texts. Separated they live in Bookmarksgrove right at the coast of the Semantics, a large language ocean.<br />A small river named Duden flows by their place and supplies it with the necessary regelialia. It is a paradisematic country, in which roasted parts of sentences fly into your mouth.<br />Even the all-powerful Pointing has no control about the blind texts it is an almost unorthographic life One day however a small line of blind text by the name of Lorem Ipsum decided to leave for the far World of Grammar.",
      "author": {
        "name": "Masai School",
        "profile_pic": "https://images.unsplash.com/photo-1474447976065-67d23accb1e3?ixlib=rb-1.2.1&ixid=MnwxMjA3fDB8MHxzZWFyY2h8MTJ8fHByb2ZpbGV8ZW58MHx8MHx8&auto=format&fit=crop&w=1400&q=60",
        "publish_date": "11/06/2022"
      }
    },
    {
      "id": 3,
      "title": "Your most unhappy customers are your greatest source of learning.",
      "sub_title": "Far far away, behind the word mountains, far from the countries Vokalia and Consonantia, there live the blind texts.",
      "thumbnail_pic": "https://images.unsplash.com/photo-1654885506947-fe5280d8e0ea?ixlib=rb-1.2.1&ixid=MnwxMjA3fDB8MHxlZGl0b3JpYWwtZmVlZHw3fHx8ZW58MHx8fHw%3D&auto=format&fit=crop&w=1400&q=60",
      "description": "Far far away, behind the word mountains, far from the countries Vokalia and Consonantia, there live the blind texts. Separated they live in Bookmarksgrove right at the coast of the Semantics, a large language ocean.<br />A small river named Duden flows by their place and supplies it with the necessary regelialia. It is a paradisematic country, in which roasted parts of sentences fly into your mouth.<br />Even the all-powerful Pointing has no control about the blind texts it is an almost unorthographic life One day however a small line of blind text by the name of Lorem Ipsum decided to leave for the far World of Grammar.",
      "author": {
        "name": "Masai School",
        "profile_pic": "https://images.unsplash.com/photo-1644982647844-5ee1bdc5b114?ixlib=rb-1.2.1&ixid=MnwxMjA3fDF8MHxzZWFyY2h8MTV8fHByb2ZpbGV8ZW58MHx8MHx8&auto=format&fit=crop&w=1400&q=60",
        "publish_date": "11/06/2022"
      }
    },
    {
      "id": 4,
      "title": "Your most unhappy customers are your greatest source of learning.",
      "sub_title": "Far far away, behind the word mountains, far from the countries Vokalia and Consonantia, there live the blind texts.",
      "thumbnail_pic": "https://images.unsplash.com/photo-1654881212180-86af196fd8dd?ixlib=rb-1.2.1&ixid=MnwxMjA3fDB8MHxlZGl0b3JpYWwtZmVlZHwxMnx8fGVufDB8fHx8&auto=format&fit=crop&w=1400&q=60",
      "description": "Far far away, behind the word mountains, far from the countries Vokalia and Consonantia, there live the blind texts. Separated they live in Bookmarksgrove right at the coast of the Semantics, a large language ocean.<br />A small river named Duden flows by their place and supplies it with the necessary regelialia. It is a paradisematic country, in which roasted parts of sentences fly into your mouth.<br />Even the all-powerful Pointing has no control about the blind texts it is an almost unorthographic life One day however a small line of blind text by the name of Lorem Ipsum decided to leave for the far World of Grammar.",
      "author": {
        "name": "Masai School",
        "profile_pic": "https://images.unsplash.com/photo-1570295999919-56ceb5ecca61?ixlib=rb-1.2.1&ixid=MnwxMjA3fDB8MHxzZWFyY2h8MjF8fHByb2ZpbGV8ZW58MHx8MHx8&auto=format&fit=crop&w=1400&q=60",
        "publish_date": "11/06/2022"
      }
    },
    {
      "id": 5,
      "title": "Your most unhappy customers are your greatest source of learning.",
      "sub_title": "Far far away, behind the word mountains, far from the countries Vokalia and Consonantia, there live the blind texts.",
      "thumbnail_pic": "https://images.unsplash.com/photo-1654892968823-ea564870a96f?ixlib=rb-1.2.1&ixid=MnwxMjA3fDB8MHxlZGl0b3JpYWwtZmVlZHwxNXx8fGVufDB8fHx8&auto=format&fit=crop&w=1400&q=60",
      "description": "Far far away, behind the word mountains, far from the countries Vokalia and Consonantia, there live the blind texts. Separated they live in Bookmarksgrove right at the coast of the Semantics, a large language ocean.<br />A small river named Duden flows by their place and supplies it with the necessary regelialia. It is a paradisematic country, in which roasted parts of sentences fly into your mouth.<br />Even the all-powerful Pointing has no control about the blind texts it is an almost unorthographic life One day however a small line of blind text by the name of Lorem Ipsum decided to leave for the far World of Grammar.",
      "author": {
        "name": "Masai School",
        "profile_pic": "https://images.unsplash.com/photo-1500648767791-00dcc994a43e?ixlib=rb-1.2.1&ixid=MnwxMjA3fDB8MHxzZWFyY2h8MjJ8fHByb2ZpbGV8ZW58MHx8MHx8&auto=format&fit=crop&w=1400&q=60",
        "publish_date": "11/06/2022"
      }
    },
    {
      "id": 6,
      "title": "Your most unhappy customers are your greatest source of learning.",
      "sub_title": "Far far away, behind the word mountains, far from the countries Vokalia and Consonantia, there live the blind texts.",
      "thumbnail_pic": "https://images.unsplash.com/photo-1654895496721-3f638c3a4c2e?ixlib=rb-1.2.1&ixid=MnwxMjA3fDB8MHxlZGl0b3JpYWwtZmVlZHwxOHx8fGVufDB8fHx8&auto=format&fit=crop&w=1400&q=60",
      "description": "Far far away, behind the word mountains, far from the countries Vokalia and Consonantia, there live the blind texts. Separated they live in Bookmarksgrove right at the coast of the Semantics, a large language ocean.<br />A small river named Duden flows by their place and supplies it with the necessary regelialia. It is a paradisematic country, in which roasted parts of sentences fly into your mouth.<br />Even the all-powerful Pointing has no control about the blind texts it is an almost unorthographic life One day however a small line of blind text by the name of Lorem Ipsum decided to leave for the far World of Grammar.",
      "author": {
        "name": "Masai School",
        "profile_pic": "https://images.unsplash.com/photo-1534528741775-53994a69daeb?ixlib=rb-1.2.1&ixid=MnwxMjA3fDB8MHxzZWFyY2h8MjN8fHByb2ZpbGV8ZW58MHx8MHx8&auto=format&fit=crop&w=1400&q=60",
        "publish_date": "11/06/2022"
      }
    },
    {
      "id": 7,
      "title": "Your most unhappy customers are your greatest source of learning.",
      "sub_title": "Far far away, behind the word mountains, far from the countries Vokalia and Consonantia, there live the blind texts.",
      "thumbnail_pic": "https://images.unsplash.com/photo-1654886611366-72d5bc6be7c5?ixlib=rb-1.2.1&ixid=MnwxMjA3fDB8MHxlZGl0b3JpYWwtZmVlZHwyN3x8fGVufDB8fHx8&auto=format&fit=crop&w=1400&q=60",
      "description": "Far far away, behind the word mountains, far from the countries Vokalia and Consonantia, there live the blind texts. Separated they live in Bookmarksgrove right at the coast of the Semantics, a large language ocean.<br/>A small river named Duden flows by their place and supplies it with the necessary regelialia. It is a paradisematic country, in which roasted parts of sentences fly into your mouth.",
      "author": {
        "name": "Masai School",
        "profile_pic": "https://images.unsplash.com/photo-1507003211169-0a1dd7228f2d?ixlib=rb-1.2.1&ixid=MnwxMjA3fDB8MHxzZWFyY2h8MTN8fHBlb3BsZXxlbnwwfHwwfHw%3D&auto=format&fit=crop&w=1400&q=60",
        "publish_date": "11/06/2022"
      }
    },
    {
      "id": 8,
      "title": "Your most unhappy customers are your greatest source of learning.",
      "sub_title": "Far far away, behind the word mountains, far from the countries Vokalia and Consonantia, there live the blind texts.",
      "thumbnail_pic": "https://images.unsplash.com/photo-1654802321555-c596f69658aa?ixlib=rb-1.2.1&ixid=MnwxMjA3fDB8MHxlZGl0b3JpYWwtZmVlZHw2OHx8fGVufDB8fHx8&auto=format&fit=crop&w=1400&q=60",
      "description": "Far far away, behind the word mountains, far from the countries Vokalia and Consonantia, there live the blind texts. Separated they live in Bookmarksgrove right at the coast of the Semantics, a large language ocean.<br/>A small river named Duden flows by their place and supplies it with the necessary regelialia. It is a paradisematic country, in which roasted parts of sentences fly into your mouth.",
      "author": {
        "name": "Masai School",
        "profile_pic": "https://images.unsplash.com/photo-1560250097-0b93528c311a?ixlib=rb-1.2.1&ixid=MnwxMjA3fDB8MHxzZWFyY2h8Mjh8fHByb2ZpbGV8ZW58MHx8MHx8&auto=format&fit=crop&w=1400&q=60",
        "publish_date": "11/06/2022"
      }
    },
    {
      "id": 9,
      "title": "Your most unhappy customers are your greatest source of learning.",
      "sub_title": "Far far away, behind the word mountains, far from the countries Vokalia and Consonantia, there live the blind texts.",
      "thumbnail_pic": "https://images.unsplash.com/photo-1654868739497-ee031a3d7088?ixlib=rb-1.2.1&ixid=MnwxMjA3fDB8MHxlZGl0b3JpYWwtZmVlZHwzOXx8fGVufDB8fHx8&auto=format&fit=crop&w=1400&q=60",
      "description": "Far far away, behind the word mountains, far from the countries Vokalia and Consonantia, there live the blind texts. Separated they live in Bookmarksgrove right at the coast of the Semantics, a large language ocean.<br/>A small river named Duden flows by their place and supplies it with the necessary regelialia. It is a paradisematic country, in which roasted parts of sentences fly into your mouth.",
      "author": {
        "name": "Masai School",
        "profile_pic": "https://images.unsplash.com/photo-1614283233556-f35b0c801ef1?ixlib=rb-1.2.1&ixid=MnwxMjA3fDB8MHxzZWFyY2h8MzJ8fHByb2ZpbGV8ZW58MHx8MHx8&auto=format&fit=crop&w=1400&q=60",
        "publish_date": "11/06/2022"
      }
    },
    {
      "id": 10,
      "title": "Your most unhappy customers are your greatest source of learning.",
      "sub_title": "Far far away, behind the word mountains, far from the countries Vokalia and Consonantia, there live the blind texts.",
      "thumbnail_pic": "https://images.unsplash.com/photo-1654805540365-f5f7c81dfadf?ixlib=rb-1.2.1&ixid=MnwxMjA3fDB8MHxlZGl0b3JpYWwtZmVlZHw1OHx8fGVufDB8fHx8&auto=format&fit=crop&w=1400&q=60",
      "description": "Far far away, behind the word mountains, far from the countries Vokalia and Consonantia, there live the blind texts. Separated they live in Bookmarksgrove right at the coast of the Semantics, a large language ocean.<br/>A small river named Duden flows by their place and supplies it with the necessary regelialia. It is a paradisematic country, in which roasted parts of sentences fly into your mouth.",
      "author": {
        "name": "Masai School",
        "profile_pic": "https://images.unsplash.com/photo-1517070208541-6ddc4d3efbcb?ixlib=rb-1.2.1&ixid=MnwxMjA3fDB8MHxzZWFyY2h8MzR8fHByb2ZpbGV8ZW58MHx8MHx8&auto=format&fit=crop&w=1400&q=60",
        "publish_date": "11/06/2022"
      }
    },
    {
      "id": 11,
      "title": "Your most unhappy customers are your greatest source of learning.",
      "sub_title": "Far far away, behind the word mountains, far from the countries Vokalia and Consonantia, there live the blind texts.",
      "thumbnail_pic": "https://images.unsplash.com/photo-1654802321549-c14a7496d991?ixlib=rb-1.2.1&ixid=MnwxMjA3fDB8MHxlZGl0b3JpYWwtZmVlZHw1Nnx8fGVufDB8fHx8&auto=format&fit=crop&w=1400&q=60",
      "description": "Far far away, behind the word mountains, far from the countries Vokalia and Consonantia, there live the blind texts. Separated they live in Bookmarksgrove right at the coast of the Semantics, a large language ocean.<br/>A small river named Duden flows by their place and supplies it with the necessary regelialia. It is a paradisematic country, in which roasted parts of sentences fly into your mouth.",
      "author": {
        "name": "Masai School",
        "profile_pic": "https://images.unsplash.com/photo-1580489944761-15a19d654956?ixlib=rb-1.2.1&ixid=MnwxMjA3fDB8MHxzZWFyY2h8Mzh8fHByb2ZpbGV8ZW58MHx8MHx8&auto=format&fit=crop&w=1400&q=60",
        "publish_date": "11/06/2022"
      }
    }
  ]
}
